variant_summary,severity_tier,clinvar_class_summary,catalog_version,pipeline_version,built_at,hgvs_p,significance,codon,domain,expected_class,consequence,clinical_label,clinical_label_tier,__key,clinvar_id,evee_pathogenicity,alphamissense,cadd,clnsig,consequence_evee,tier3,severity_rank,consequence_final,is_missense
"NP_000518.1:p.(Cys302SerfsTer68) (Pathogenic/Likely pathogenic, codon 302, LBD, class_1_null, truncating)",FH_definite,Pathogenic/Likely pathogenic,1.0.1,ldlr_phenotyping_v1,2026-05-20 19:35:40.036038 UTC,p.Cys302SerfsTer68,Pathogenic/Likely pathogenic,302.0,LBD,class_1_null,truncating,FH_definite,FH_definite,p.Cys302SerfsTer68,369867,0.9944,0.7071,0.5278,Pathogenic/Likely_pathogenic,frameshift_variant,clinical_FH,3,frameshift_variant,0
"NP_000518.1:p.(Pro685Leu) (Pathogenic/Likely pathogenic, codon 685, EGF_precursor, class_5_recycling_defective, missense)",FH_definite,Pathogenic/Likely pathogenic,1.0.1,ldlr_phenotyping_v1,2026-05-20 19:35:40.036038 UTC,p.Pro685Leu,Pathogenic/Likely pathogenic,685.0,EGF_precursor,class_5_recycling_defective,missense,FH_definite,FH_definite,p.Pro685Leu,3702,0.8057,0.5958,0.4281,Pathogenic/Likely_pathogenic,missense_variant,clinical_FH,3,missense_variant,1
"NP_000518.1:p.(Gly592Glu) (Pathogenic, codon 592, EGF_precursor, class_5_recycling_defective, missense)",FH_definite,Pathogenic,1.0.1,ldlr_phenotyping_v1,2026-05-20 19:35:40.036038 UTC,p.Gly592Glu,Pathogenic,592.0,EGF_precursor,class_5_recycling_defective,missense,FH_definite,FH_definite,p.Gly592Glu,161271,0.8138,0.6753,0.4722,Pathogenic,missense_variant,clinical_FH,3,missense_variant,1
"NP_000518.1:p.(Tyr489Ter) (Pathogenic/Likely pathogenic, codon 489, EGF_precursor, class_1_null, truncating)",FH_definite,Pathogenic/Likely pathogenic,1.0.1,ldlr_phenotyping_v1,2026-05-20 19:35:40.036038 UTC,p.Tyr489Ter,Pathogenic/Likely pathogenic,489.0,EGF_precursor,class_1_null,truncating,FH_definite,FH_definite,p.Tyr489Ter,161270,0.9983,0.782,0.5183,Pathogenic/Likely_pathogenic,nonsense,clinical_FH,3,nonsense,0
"NP_000518.1:p.(Asp221Gly) (Pathogenic, codon 221, LBD, class_3_binding_defective, missense)",FH_definite,Pathogenic,1.0.1,ldlr_phenotyping_v1,2026-05-20 19:35:40.036038 UTC,p.Asp221Gly,Pathogenic,221.0,LBD,class_3_binding_defective,missense,FH_definite,FH_definite,p.Asp221Gly,183092,0.9266,0.7326,0.4031,Pathogenic,missense_variant,clinical_FH,3,missense_variant,1
"NP_000518.1:p.(Gly218ValfsTer47) (Pathogenic/Likely pathogenic, codon 218, LBD, class_1_null, truncating)",FH_definite,Pathogenic/Likely pathogenic,1.0.1,ldlr_phenotyping_v1,2026-05-20 19:35:40.036038 UTC,p.Gly218ValfsTer47,Pathogenic/Likely pathogenic,218.0,LBD,class_1_null,truncating,FH_definite,FH_definite,p.Gly218ValfsTer47,68100,0.9701,0.5667,0.492,Pathogenic/Likely_pathogenic,frameshift_variant,clinical_FH,3,frameshift_variant,0
"NP_000518.1:p.(Asp266Glu) (Pathogenic, codon 266, LBD, class_3_binding_defective, missense)",FH_definite,Pathogenic,1.0.1,ldlr_phenotyping_v1,2026-05-20 19:35:40.036038 UTC,p.Asp266Glu,Pathogenic,266.0,LBD,class_3_binding_defective,missense,FH_definite,FH_definite,p.Asp266Glu,161287,0.977,0.8365,0.4401,Pathogenic,missense_variant,clinical_FH,3,missense_variant,1
"NP_000518.1:p.(Glu228Ter) (Pathogenic, codon 228, LBD, class_1_null, truncating)",FH_definite,Pathogenic,1.0.1,ldlr_phenotyping_v1,2026-05-20 19:35:40.036038 UTC,p.Glu228Ter,Pathogenic,228.0,LBD,class_1_null,truncating,FH_definite,FH_definite,p.Glu228Ter,1075416,0.9888,0.7388,0.4856,Pathogenic,nonsense,clinical_FH,3,nonsense,0
"NP_000518.1:p.(Trp87Gly) (Pathogenic, codon 87, LBD, class_3_binding_defective, missense)",FH_definite,Pathogenic,1.0.1,ldlr_phenotyping_v1,2026-05-20 19:35:40.036038 UTC,p.Trp87Gly,Pathogenic,87.0,LBD,class_3_binding_defective,missense,FH_definite,FH_definite,p.Trp87Gly,3685,0.9475,0.7173,0.4474,Pathogenic,missense_variant,clinical_FH,3,missense_variant,1
"NP_000518.1:p.(Asp100Val) (Pathogenic/Likely pathogenic, codon 100, LBD, class_3_binding_defective, missense)",FH_definite,Pathogenic/Likely pathogenic,1.0.1,ldlr_phenotyping_v1,2026-05-20 19:35:40.036038 UTC,p.Asp100Val,Pathogenic/Likely pathogenic,100.0,LBD,class_3_binding_defective,missense,FH_definite,FH_definite,p.Asp100Val,369854,0.9942,0.912,0.5776,Pathogenic/Likely_pathogenic,missense_variant,clinical_FH,3,missense_variant,1
"NP_000518.1:p.(Leu14CysfsTer192) (Pathogenic, codon 14, signal_peptide, class_1_null, truncating)",FH_definite,Pathogenic,1.0.1,ldlr_phenotyping_v1,2026-05-20 19:35:40.036038 UTC,p.Leu14CysfsTer192,Pathogenic,14.0,signal_peptide,class_1_null,truncating,FH_definite,FH_definite,p.Leu14CysfsTer192,250978,1.0,0.1741,0.4896,Pathogenic,frameshift_variant,clinical_FH,3,frameshift_variant,0
"NP_000518.1:p.(Thr413Met) (Likely pathogenic, codon 413, EGF_precursor, class_5_recycling_defective, missense)",FH_definite,Likely pathogenic,1.0.1,ldlr_phenotyping_v1,2026-05-20 19:35:40.036038 UTC,p.Thr413Met,Likely pathogenic,413.0,EGF_precursor,class_5_recycling_defective,missense,FH_definite,FH_definite,p.Thr413Met,161276,0.2002,0.2068,0.3201,Likely_pathogenic,missense_variant,clinical_FH,3,missense_variant,1
"NP_000518.1:p.(Cys109Arg) (Pathogenic/Likely pathogenic, codon 109, LBD, class_3_binding_defective, missense)",FH_definite,Pathogenic/Likely pathogenic,1.0.1,ldlr_phenotyping_v1,2026-05-20 19:35:40.036038 UTC,p.Cys109Arg,Pathogenic/Likely pathogenic,109.0,LBD,class_3_binding_defective,missense,FH_definite,FH_definite,p.Cys109Arg,251156,0.9976,0.7922,0.4164,Conflicting_classifications_of_pathogenicity,missense_variant,clinical_FH,3,missense_variant,1
"NP_000518.1:p.(Arg81Cys) (Likely pathogenic, codon 81, LBD, class_3_binding_defective, missense)",FH_definite,Likely pathogenic,1.0.1,ldlr_phenotyping_v1,2026-05-20 19:35:40.036038 UTC,p.Arg81Cys,Likely pathogenic,81.0,LBD,class_3_binding_defective,missense,FH_definite,FH_definite,p.Arg81Cys,183083,0.8262,0.5727,0.3416,Likely_pathogenic,missense_variant,clinical_FH,3,missense_variant,1
"NP_000518.1:p.(Cys231Ter) (Pathogenic/Likely pathogenic, codon 231, LBD, class_1_null, truncating)",FH_definite,Pathogenic/Likely pathogenic,1.0.1,ldlr_phenotyping_v1,2026-05-20 19:35:40.036038 UTC,p.Cys231Ter,Pathogenic/Likely pathogenic,231.0,LBD,class_1_null,truncating,FH_definite,FH_definite,p.Cys231Ter,3730,0.9733,0.7744,0.6098,Pathogenic/Likely_pathogenic,nonsense,clinical_FH,3,nonsense,0
"NP_000518.1:p.(Val66MetfsTer141) (Pathogenic, codon 66, LBD, class_1_null, truncating)",FH_definite,Pathogenic,1.0.1,ldlr_phenotyping_v1,2026-05-20 19:35:40.036038 UTC,p.Val66MetfsTer141,Pathogenic,66.0,LBD,class_1_null,truncating,FH_definite,FH_definite,p.Val66MetfsTer141,251074,0.9971,0.3682,0.5275,Pathogenic,frameshift_variant,clinical_FH,3,frameshift_variant,0
"NP_000518.1:p.(Asp304Glu) (Likely pathogenic, codon 304, LBD, class_3_binding_defective, missense)",FH_definite,Likely pathogenic,1.0.1,ldlr_phenotyping_v1,2026-05-20 19:35:40.036038 UTC,p.Asp304Glu,Likely pathogenic,304.0,LBD,class_3_binding_defective,missense,FH_definite,FH_definite,p.Asp304Glu,226336,0.3482,0.4695,0.3907,Likely_pathogenic,missense_variant,clinical_FH,3,missense_variant,1
"NP_000518.1:p.(Arg350Pro) (Likely pathogenic, codon 350, EGF_precursor, class_5_recycling_defective, missense); chr19:11133320 C>T (Uncertain significance, ambiguous, utr)",FH_definite,Likely pathogenic,1.0.1,ldlr_phenotyping_v1,2026-05-20 19:35:40.036038 UTC,p.Arg350Pro,Uncertain significance,,ambiguous,,utr,FH_definite,FH_definite,p.Arg350Pro,226343,0.3751,0.1993,0.2898,Likely_pathogenic,missense_variant,clinical_FH,3,missense_variant,1
"NP_000518.1:p.(Cys134Arg) (Pathogenic/Likely pathogenic, codon 134, LBD, class_3_binding_defective, missense)",FH_definite,Pathogenic/Likely pathogenic,1.0.1,ldlr_phenotyping_v1,2026-05-20 19:35:40.036038 UTC,p.Cys134Arg,Pathogenic/Likely pathogenic,134.0,LBD,class_3_binding_defective,missense,FH_definite,FH_definite,p.Cys134Arg,226322,0.9807,0.8406,0.4448,Pathogenic/Likely_pathogenic,missense_variant,clinical_FH,3,missense_variant,1
"NP_000518.1:p.(Arg416Trp) (Pathogenic/Likely pathogenic, codon 416, EGF_precursor, class_5_recycling_defective, missense)",FH_definite,Pathogenic/Likely pathogenic,1.0.1,ldlr_phenotyping_v1,2026-05-20 19:35:40.036038 UTC,p.Arg416Trp,Pathogenic/Likely pathogenic,416.0,EGF_precursor,class_5_recycling_defective,missense,FH_definite,FH_definite,p.Arg416Trp,183110,0.2258,0.4108,0.322,Pathogenic/Likely_pathogenic,missense_variant,clinical_FH,3,missense_variant,1
"NP_000518.1:p.(Arg416Gln) (Pathogenic/Likely pathogenic, codon 416, EGF_precursor, class_5_recycling_defective, missense)",FH_definite,Pathogenic/Likely pathogenic,1.0.1,ldlr_phenotyping_v1,2026-05-20 19:35:40.036038 UTC,p.Arg416Gln,Pathogenic/Likely pathogenic,416.0,EGF_precursor,class_5_recycling_defective,missense,FH_definite,FH_definite,p.Arg416Gln,251752,0.0577,0.2942,0.3812,Pathogenic/Likely_pathogenic,missense_variant,clinical_FH,3,missense_variant,1
"NP_000518.1:p.(Gly343Ser) (Pathogenic, codon 343, EGF_precursor, class_5_recycling_defective, missense)",FH_definite,Pathogenic,1.0.1,ldlr_phenotyping_v1,2026-05-20 19:35:40.036038 UTC,p.Gly343Ser,Pathogenic,343.0,EGF_precursor,class_5_recycling_defective,missense,FH_definite,FH_definite,p.Gly343Ser,183106,0.3136,0.2079,0.2035,Pathogenic,missense_variant,clinical_FH,3,missense_variant,1
"NP_000518.1:p.(Glu408Lys) (Likely pathogenic, codon 408, EGF_precursor, class_5_recycling_defective, missense)",FH_definite,Likely pathogenic,1.0.1,ldlr_phenotyping_v1,2026-05-20 19:35:40.036038 UTC,p.Glu408Lys,Likely pathogenic,408.0,EGF_precursor,class_5_recycling_defective,missense,FH_definite,FH_definite,p.Glu408Lys,36453,0.6458,0.5627,0.4279,Likely_pathogenic,missense_variant,clinical_FH,3,missense_variant,1
"NP_000518.1:p.(Arg406Trp) (Pathogenic, codon 406, EGF_precursor, class_5_recycling_defective, missense)",FH_definite,Pathogenic,1.0.1,ldlr_phenotyping_v1,2026-05-20 19:35:40.036038 UTC,p.Arg406Trp,Pathogenic,406.0,EGF_precursor,class_5_recycling_defective,missense,FH_definite,FH_definite,p.Arg406Trp,226351,0.8076,0.7746,0.4047,Pathogenic,missense_variant,clinical_FH,3,missense_variant,1
"NP_000518.1:p.(Glu240Lys) (Pathogenic, codon 240, LBD, class_3_binding_defective, missense)",FH_definite,Pathogenic,1.0.1,ldlr_phenotyping_v1,2026-05-20 19:35:40.036038 UTC,p.Glu240Lys,Pathogenic,240.0,LBD,class_3_binding_defective,missense,FH_definite,FH_definite,p.Glu240Lys,200920,0.3484,0.2875,0.2841,Pathogenic,missense_variant,clinical_FH,3,missense_variant,1
"NP_000518.1:p.(Asp482Asn) (Pathogenic, codon 482, EGF_precursor, class_5_recycling_defective, missense)",FH_definite,Pathogenic,1.0.1,ldlr_phenotyping_v1,2026-05-20 19:35:40.036038 UTC,p.Asp482Asn,Pathogenic,482.0,EGF_precursor,class_5_recycling_defective,missense,FH_definite,FH_definite,p.Asp482Asn,161284,0.8676,0.6905,0.461,Pathogenic,missense_variant,clinical_FH,3,missense_variant,1
"NP_000518.1:p.(Tyr828Cys) (Pathogenic/Likely pathogenic, codon 828, cytoplasmic_tail, class_4_internalization_defective, missense)",FH_definite,Pathogenic/Likely pathogenic,1.0.1,ldlr_phenotyping_v1,2026-05-20 19:35:40.036038 UTC,p.Tyr828Cys,Pathogenic/Likely pathogenic,828.0,cytoplasmic_tail,class_4_internalization_defective,missense,FH_definite,FH_definite,p.Tyr828Cys,3704,0.9095,0.9038,0.4932,Pathogenic/Likely_pathogenic,missense_variant,clinical_FH,3,missense_variant,1
"NP_000518.1:p.(Asn564Ser) (Pathogenic/Likely pathogenic, codon 564, EGF_precursor, class_5_recycling_defective, missense)",FH_definite,Pathogenic/Likely pathogenic,1.0.1,ldlr_phenotyping_v1,2026-05-20 19:35:40.036038 UTC,p.Asn564Ser,Pathogenic/Likely pathogenic,564.0,EGF_precursor,class_5_recycling_defective,missense,FH_definite,FH_definite,p.Asn564Ser,224616,0.0182,0.4338,0.387,Pathogenic/Likely_pathogenic,missense_variant,clinical_FH,3,missense_variant,1
"NP_000518.1:p.(Asp139Glu) (Likely pathogenic, codon 139, LBD, class_3_binding_defective, missense)",FH_definite,Likely pathogenic,1.0.1,ldlr_phenotyping_v1,2026-05-20 19:35:40.036038 UTC,p.Asp139Glu,Likely pathogenic,139.0,LBD,class_3_binding_defective,missense,FH_definite,FH_definite,p.Asp139Glu,430753,0.8763,0.8026,0.3913,Pathogenic,missense_variant,clinical_FH,3,missense_variant,1
"NP_000518.1:p.(Asp221Asn) (Pathogenic/Likely pathogenic, codon 221, LBD, class_3_binding_defective, missense)",FH_definite,Pathogenic/Likely pathogenic,1.0.1,ldlr_phenotyping_v1,2026-05-20 19:35:40.036038 UTC,p.Asp221Asn,Pathogenic/Likely pathogenic,221.0,LBD,class_3_binding_defective,missense,FH_definite,FH_definite,p.Asp221Asn,226331,0.4685,0.5913,0.3197,Pathogenic/Likely_pathogenic,missense_variant,clinical_FH,3,missense_variant,1
"NP_000518.1:p.(Asp175Asn) (Pathogenic/Likely pathogenic, codon 175, LBD, class_3_binding_defective, missense)",FH_definite,Pathogenic/Likely pathogenic,1.0.1,ldlr_phenotyping_v1,2026-05-20 19:35:40.036038 UTC,p.Asp175Asn,Pathogenic/Likely pathogenic,175.0,LBD,class_3_binding_defective,missense,FH_definite,FH_definite,p.Asp175Asn,3726,0.7189,0.3554,0.23,Pathogenic/Likely_pathogenic,missense_variant,clinical_FH,3,missense_variant,1
"NP_000518.1:p.(Asp266Asn) (Pathogenic, codon 266, LBD, class_3_binding_defective, missense)",FH_definite,Pathogenic,1.0.1,ldlr_phenotyping_v1,2026-05-20 19:35:40.036038 UTC,p.Asp266Asn,Pathogenic,266.0,LBD,class_3_binding_defective,missense,FH_definite,FH_definite,p.Asp266Asn,226334,0.985,0.7824,0.4612,Pathogenic,missense_variant,clinical_FH,3,missense_variant,1
"NP_000518.1:p.(Cys27Trp) (Pathogenic, codon 27, LBD, class_3_binding_defective, missense)",FH_definite,Pathogenic,1.0.1,ldlr_phenotyping_v1,2026-05-20 19:35:40.036038 UTC,p.Cys27Trp,Pathogenic,27.0,LBD,class_3_binding_defective,missense,FH_definite,FH_definite,p.Cys27Trp,226304,0.5773,0.2677,0.314,Pathogenic,missense_variant,clinical_FH,3,missense_variant,1
"NP_000518.1:p.(Leu582Pro) (Pathogenic/Likely pathogenic, codon 582, EGF_precursor, class_5_recycling_defective, missense)",FH_definite,Pathogenic/Likely pathogenic,1.0.1,ldlr_phenotyping_v1,2026-05-20 19:35:40.036038 UTC,p.Leu582Pro,Pathogenic/Likely pathogenic,582.0,EGF_precursor,class_5_recycling_defective,missense,FH_definite,FH_definite,p.Leu582Pro,226372,0.6653,0.7335,0.3964,Pathogenic/Likely_pathogenic,missense_variant,clinical_FH,3,missense_variant,1
"NP_000518.1:p.(Cys184Tyr) (Pathogenic, codon 184, LBD, class_3_binding_defective, missense)",FH_definite,Pathogenic,1.0.1,ldlr_phenotyping_v1,2026-05-20 19:35:40.036038 UTC,p.Cys184Tyr,Pathogenic,184.0,LBD,class_3_binding_defective,missense,FH_definite,FH_definite,p.Cys184Tyr,3739,0.9796,0.7249,0.5229,Pathogenic,missense_variant,clinical_FH,3,missense_variant,1
"NP_000518.1:p.(Arg595Trp) (Pathogenic, codon 595, EGF_precursor, class_5_recycling_defective, missense)",FH_definite,Pathogenic,1.0.1,ldlr_phenotyping_v1,2026-05-20 19:35:40.036038 UTC,p.Arg595Trp,Pathogenic,595.0,EGF_precursor,class_5_recycling_defective,missense,FH_definite,FH_definite,p.Arg595Trp,161290,0.5063,0.5866,0.3552,Pathogenic,missense_variant,clinical_FH,3,missense_variant,1
"NP_000518.1:p.(Arg115Cys) (Likely pathogenic, codon 115, LBD, class_3_binding_defective, missense)",FH_definite,Likely pathogenic,1.0.1,ldlr_phenotyping_v1,2026-05-20 19:35:40.036038 UTC,p.Arg115Cys,Likely pathogenic,115.0,LBD,class_3_binding_defective,missense,FH_definite,FH_definite,p.Arg115Cys,251162,0.7383,0.517,0.3889,Likely_pathogenic,missense_variant,clinical_FH,3,missense_variant,1
"NP_000518.1:p.(Tyr375TrpfsTer7) (Pathogenic/Likely pathogenic, codon 375, EGF_precursor, class_1_null, truncating)",FH_definite,Pathogenic/Likely pathogenic,1.0.1,ldlr_phenotyping_v1,2026-05-20 19:35:40.036038 UTC,p.Tyr375TrpfsTer7,Pathogenic/Likely pathogenic,375.0,EGF_precursor,class_1_null,truncating,FH_definite,FH_definite,p.Tyr375TrpfsTer7,226347,0.9864,0.7099,0.5502,Pathogenic/Likely_pathogenic,frameshift_variant,clinical_FH,3,frameshift_variant,0
"NP_000518.1:p.(Cys681Ter) (Pathogenic/Likely pathogenic, codon 681, EGF_precursor, class_1_null, truncating)",FH_definite,Pathogenic/Likely pathogenic,1.0.1,ldlr_phenotyping_v1,2026-05-20 19:35:40.036038 UTC,p.Cys681Ter,Pathogenic/Likely pathogenic,681.0,EGF_precursor,class_1_null,truncating,FH_definite,FH_definite,p.Cys681Ter,3699,0.9978,0.6981,0.5972,Pathogenic/Likely_pathogenic,nonsense,clinical_FH,3,nonsense,0
"NP_000518.1:p.(Arg215His) (Pathogenic, codon 215, LBD, class_3_binding_defective, missense)",FH_definite,Pathogenic,1.0.1,ldlr_phenotyping_v1,2026-05-20 19:35:40.036038 UTC,p.Arg215His,Pathogenic,215.0,LBD,class_3_binding_defective,missense,FH_definite,FH_definite,p.Arg215His,440588,0.0123,0.1315,0.2174,Uncertain_significance,missense_variant,clinical_FH,3,missense_variant,1
"NP_000518.1:p.(Glu113Lys) (Pathogenic, codon 113, LBD, class_3_binding_defective, missense)",FH_definite,Pathogenic,1.0.1,ldlr_phenotyping_v1,2026-05-20 19:35:40.036038 UTC,p.Glu113Lys,Pathogenic,113.0,LBD,class_3_binding_defective,missense,FH_definite,FH_definite,p.Glu113Lys,237872,0.638,0.1706,0.2074,Pathogenic,missense_variant,clinical_FH,3,missense_variant,1
"NP_000518.1:p.(Arg595Gln) (Pathogenic, codon 595, EGF_precursor, class_5_recycling_defective, missense)",FH_definite,Pathogenic,1.0.1,ldlr_phenotyping_v1,2026-05-20 19:35:40.036038 UTC,p.Arg595Gln,Pathogenic,595.0,EGF_precursor,class_5_recycling_defective,missense,FH_definite,FH_definite,p.Arg595Gln,183126,0.1998,0.1717,0.3015,Pathogenic,missense_variant,clinical_FH,3,missense_variant,1
"NP_000518.1:p.(Val436Ala) (Pathogenic/Likely pathogenic, codon 436, EGF_precursor, class_5_recycling_defective, missense)",FH_definite,Pathogenic/Likely pathogenic,1.0.1,ldlr_phenotyping_v1,2026-05-20 19:35:40.036038 UTC,p.Val436Ala,Pathogenic/Likely pathogenic,436.0,EGF_precursor,class_5_recycling_defective,missense,FH_definite,FH_definite,p.Val436Ala,251778,0.1054,0.2234,0.3605,Pathogenic/Likely_pathogenic,missense_variant,clinical_FH,3,missense_variant,1
"NP_000518.1:p.(Asp651Asn) (Likely pathogenic, codon 651, EGF_precursor, class_5_recycling_defective, missense)",FH_definite,Likely pathogenic,1.0.1,ldlr_phenotyping_v1,2026-05-20 19:35:40.036038 UTC,p.Asp651Asn,Likely pathogenic,651.0,EGF_precursor,class_5_recycling_defective,missense,FH_definite,FH_definite,p.Asp651Asn,183128,0.1219,0.3161,0.3323,Likely_pathogenic,missense_variant,clinical_FH,3,missense_variant,1
"NP_000518.1:p.(Val523Met) (Pathogenic, codon 523, EGF_precursor, class_5_recycling_defective, missense)",FH_definite,Pathogenic,1.0.1,ldlr_phenotyping_v1,2026-05-20 19:35:40.036038 UTC,p.Val523Met,Pathogenic,523.0,EGF_precursor,class_5_recycling_defective,missense,FH_definite,FH_definite,p.Val523Met,3696,0.2172,0.3214,0.2549,Pathogenic,missense_variant,clinical_FH,3,missense_variant,1
"NP_000518.1:p.(Ile488Thr) (Likely pathogenic, codon 488, EGF_precursor, class_5_recycling_defective, missense)",FH_definite,Likely pathogenic,1.0.1,ldlr_phenotyping_v1,2026-05-20 19:35:40.036038 UTC,p.Ile488Thr,Likely pathogenic,488.0,EGF_precursor,class_5_recycling_defective,missense,FH_definite,FH_definite,p.Ile488Thr,251857,0.6621,0.9134,0.446,Pathogenic/Likely_pathogenic,missense_variant,clinical_FH,3,missense_variant,1
"NP_000518.1:p.(Ser286Arg) (Likely pathogenic, codon 286, LBD, class_3_binding_defective, missense)",FH_definite,Likely pathogenic,1.0.1,ldlr_phenotyping_v1,2026-05-20 19:35:40.036038 UTC,p.Ser286Arg,Likely pathogenic,286.0,LBD,class_3_binding_defective,missense,FH_definite,FH_definite,p.Ser286Arg,251488,0.4223,0.5338,0.3959,Likely_pathogenic,missense_variant,clinical_FH,3,missense_variant,1
"NP_000518.1:p.(Leu401Val) (Pathogenic/Likely pathogenic, codon 401, EGF_precursor, class_5_recycling_defective, missense)",FH_definite,Pathogenic/Likely pathogenic,1.0.1,ldlr_phenotyping_v1,2026-05-20 19:35:40.036038 UTC,p.Leu401Val,Pathogenic/Likely pathogenic,401.0,EGF_precursor,class_5_recycling_defective,missense,FH_definite,FH_definite,p.Leu401Val,161267,0.1614,0.3143,0.3318,Pathogenic/Likely_pathogenic,missense_variant,clinical_FH,3,missense_variant,1
"NP_000518.1:p.(Asp700Asn) (Likely pathogenic, codon 700, O_linked_sugar, ambiguous, missense)",FH_definite,Likely pathogenic,1.0.1,ldlr_phenotyping_v1,2026-05-20 19:35:40.036038 UTC,p.Asp700Asn,Likely pathogenic,700.0,O_linked_sugar,,missense,FH_definite,FH_definite,p.Asp700Asn,200923,0.0331,0.1702,0.203,Likely_pathogenic,missense_variant,clinical_FH,3,missense_variant,1
"NP_000518.1:p.(Cys261Phe) (Pathogenic/Likely pathogenic, codon 261, LBD, class_3_binding_defective, missense)",FH_definite,Pathogenic/Likely pathogenic,1.0.1,ldlr_phenotyping_v1,2026-05-20 19:35:40.036038 UTC,p.Cys261Phe,Pathogenic/Likely pathogenic,261.0,LBD,class_3_binding_defective,missense,FH_definite,FH_definite,p.Cys261Phe,3740,0.9911,0.8924,0.5073,Pathogenic/Likely_pathogenic,missense_variant,clinical_FH,3,missense_variant,1
"NP_000518.1:p.(Glu140Asp) (Pathogenic/Likely pathogenic, codon 140, LBD, class_3_binding_defective, missense)",FH_definite,Pathogenic/Likely pathogenic,1.0.1,ldlr_phenotyping_v1,2026-05-20 19:35:40.036038 UTC,p.Glu140Asp,Pathogenic/Likely pathogenic,140.0,LBD,class_3_binding_defective,missense,FH_definite,FH_definite,p.Glu140Asp,251216,0.6944,0.5579,0.4142,Pathogenic/Likely_pathogenic,missense_variant,clinical_FH,3,missense_variant,1
"NP_000518.1:p.(Ser580Phe) (Likely pathogenic, codon 580, EGF_precursor, class_5_recycling_defective, missense)",FH_definite,Likely pathogenic,1.0.1,ldlr_phenotyping_v1,2026-05-20 19:35:40.036038 UTC,p.Ser580Phe,Likely pathogenic,580.0,EGF_precursor,class_5_recycling_defective,missense,FH_definite,FH_definite,p.Ser580Phe,438325,0.5117,0.5805,0.39,Likely_pathogenic,missense_variant,clinical_FH,3,missense_variant,1
"NP_000518.1:p.(Asp472Tyr) (Pathogenic/Likely pathogenic, codon 472, EGF_precursor, class_5_recycling_defective, missense)",FH_definite,Pathogenic/Likely pathogenic,1.0.1,ldlr_phenotyping_v1,2026-05-20 19:35:40.036038 UTC,p.Asp472Tyr,Pathogenic/Likely pathogenic,472.0,EGF_precursor,class_5_recycling_defective,missense,FH_definite,FH_definite,p.Asp472Tyr,183116,0.3048,0.2027,0.1484,Pathogenic,missense_variant,clinical_FH,3,missense_variant,1
"NP_000518.1:p.(Gln378Pro) (Likely pathogenic, codon 378, EGF_precursor, class_5_recycling_defective, missense)",FH_definite,Likely pathogenic,1.0.1,ldlr_phenotyping_v1,2026-05-20 19:35:40.036038 UTC,p.Gln378Pro,Likely pathogenic,378.0,EGF_precursor,class_5_recycling_defective,missense,FH_definite,FH_definite,p.Gln378Pro,183108,0.1091,0.1546,0.3026,Likely_pathogenic,missense_variant,clinical_FH,3,missense_variant,1
"NP_000518.1:p.(Trp443Cys) (Pathogenic, codon 443, EGF_precursor, class_5_recycling_defective, missense)",FH_definite,Pathogenic,1.0.1,ldlr_phenotyping_v1,2026-05-20 19:35:40.036038 UTC,p.Trp443Cys,Pathogenic,443.0,EGF_precursor,class_5_recycling_defective,missense,FH_definite,FH_definite,p.Trp443Cys,251792,0.8974,0.8388,0.6099,Pathogenic,missense_variant,clinical_FH,3,missense_variant,1
"NP_000518.1:p.(Asp301Tyr) (Pathogenic/Likely pathogenic, codon 301, LBD, class_3_binding_defective, missense)",FH_definite,Pathogenic/Likely pathogenic,1.0.1,ldlr_phenotyping_v1,2026-05-20 19:35:40.036038 UTC,p.Asp301Tyr,Pathogenic/Likely pathogenic,301.0,LBD,class_3_binding_defective,missense,FH_definite,FH_definite,p.Asp301Tyr,251512,0.9887,0.5477,0.3301,Pathogenic/Likely_pathogenic,missense_variant,clinical_FH,3,missense_variant,1
"NP_000518.1:p.(Asp307Gly) (Pathogenic/Likely pathogenic, codon 307, LBD, class_3_binding_defective, missense)",FH_definite,Pathogenic/Likely pathogenic,1.0.1,ldlr_phenotyping_v1,2026-05-20 19:35:40.036038 UTC,p.Asp307Gly,Pathogenic/Likely pathogenic,307.0,LBD,class_3_binding_defective,missense,FH_definite,FH_definite,p.Asp307Gly,523725,0.9918,0.848,0.488,Pathogenic/Likely_pathogenic,missense_variant,clinical_FH,3,missense_variant,1
"NP_000518.1:p.(Arg350Ter) (Pathogenic, codon 350, EGF_precursor, class_1_null, truncating)",FH_definite,Pathogenic,1.0.1,ldlr_phenotyping_v1,2026-05-20 19:35:40.036038 UTC,p.Arg350Ter,Pathogenic,350.0,EGF_precursor,class_1_null,truncating,FH_definite,FH_definite,p.Arg350Ter,226342,0.9945,0.5014,0.4038,Pathogenic,nonsense,clinical_FH,3,nonsense,0
"NP_000518.1:p.(Glu418Lys) (Pathogenic/Likely pathogenic, codon 418, EGF_precursor, class_5_recycling_defective, missense)",FH_definite,Pathogenic/Likely pathogenic,1.0.1,ldlr_phenotyping_v1,2026-05-20 19:35:40.036038 UTC,p.Glu418Lys,Pathogenic/Likely pathogenic,418.0,EGF_precursor,class_5_recycling_defective,missense,FH_definite,FH_definite,p.Glu418Lys,225182,0.1719,0.3285,0.3599,Pathogenic/Likely_pathogenic,missense_variant,clinical_FH,3,missense_variant,1
"NP_000518.1:p.(Pro181Arg) (Likely pathogenic, codon 181, LBD, class_3_binding_defective, missense)",FH_definite,Likely pathogenic,1.0.1,ldlr_phenotyping_v1,2026-05-20 19:35:40.036038 UTC,p.Pro181Arg,Likely pathogenic,181.0,LBD,class_3_binding_defective,missense,FH_definite,FH_definite,p.Pro181Arg,183089,0.2355,0.2285,0.2596,Likely_pathogenic,missense_variant,clinical_FH,3,missense_variant,1
"NP_000518.1:p.(Pro181Leu) (Pathogenic/Likely pathogenic, codon 181, LBD, class_3_binding_defective, missense)",FH_definite,Pathogenic/Likely pathogenic,1.0.1,ldlr_phenotyping_v1,2026-05-20 19:35:40.036038 UTC,p.Pro181Leu,Pathogenic/Likely pathogenic,181.0,LBD,class_3_binding_defective,missense,FH_definite,FH_definite,p.Pro181Leu,431512,0.1906,0.3744,0.341,Pathogenic/Likely_pathogenic,missense_variant,clinical_FH,3,missense_variant,1
"NP_000518.1:p.(His583Tyr) (Pathogenic, codon 583, EGF_precursor, class_5_recycling_defective, missense)",FH_definite,Pathogenic,1.0.1,ldlr_phenotyping_v1,2026-05-20 19:35:40.036038 UTC,p.His583Tyr,Pathogenic,583.0,EGF_precursor,class_5_recycling_defective,missense,FH_definite,FH_definite,p.His583Tyr,200921,0.1376,0.5493,0.4429,Pathogenic,missense_variant,clinical_FH,3,missense_variant,1
"NP_000518.1:p.(Asp638MetfsTer27) (Pathogenic/Likely pathogenic, codon 638, EGF_precursor, class_1_null, truncating)",FH_definite,Pathogenic/Likely pathogenic,1.0.1,ldlr_phenotyping_v1,2026-05-20 19:35:40.036038 UTC,p.Asp638MetfsTer27,Pathogenic/Likely pathogenic,638.0,EGF_precursor,class_1_null,truncating,FH_definite,FH_definite,p.Asp638MetfsTer27,369869,0.982,0.3911,0.4262,Pathogenic/Likely_pathogenic,frameshift_variant,clinical_FH,3,frameshift_variant,0
"NP_000518.1:p.(Gln254Pro) (Pathogenic/Likely pathogenic, codon 254, LBD, class_3_binding_defective, missense)",FH_definite,Pathogenic/Likely pathogenic,1.0.1,ldlr_phenotyping_v1,2026-05-20 19:35:40.036038 UTC,p.Gln254Pro,Pathogenic/Likely pathogenic,254.0,LBD,class_3_binding_defective,missense,FH_definite,FH_definite,p.Gln254Pro,251437,0.8991,0.4235,0.3225,Pathogenic/Likely_pathogenic,missense_variant,clinical_FH,3,missense_variant,1
"NP_000518.1:p.(Trp44Ter) (Pathogenic/Likely pathogenic, codon 44, LBD, class_1_null, truncating)",FH_definite,Pathogenic/Likely pathogenic,1.0.1,ldlr_phenotyping_v1,2026-05-20 19:35:40.036038 UTC,p.Trp44Ter,Pathogenic/Likely pathogenic,44.0,LBD,class_1_null,truncating,FH_definite,FH_definite,p.Trp44Ter,3741,0.9932,0.5926,0.4561,Pathogenic/Likely_pathogenic,nonsense,clinical_FH,3,nonsense,0
"NP_000518.1:p.(Arg633Cys) (Pathogenic/Likely pathogenic, codon 633, EGF_precursor, class_5_recycling_defective, missense)",FH_definite,Pathogenic/Likely pathogenic,1.0.1,ldlr_phenotyping_v1,2026-05-20 19:35:40.036038 UTC,p.Arg633Cys,Pathogenic/Likely pathogenic,633.0,EGF_precursor,class_5_recycling_defective,missense,FH_definite,FH_definite,p.Arg633Cys,226379,0.8379,0.7163,0.4168,Pathogenic,missense_variant,clinical_FH,3,missense_variant,1
"NP_000518.1:p.(His690ThrfsTer19) (Pathogenic, codon 690, EGF_precursor, class_1_null, truncating)",FH_definite,Pathogenic,1.0.1,ldlr_phenotyping_v1,2026-05-20 19:35:40.036038 UTC,p.His690ThrfsTer19,Pathogenic,690.0,EGF_precursor,class_1_null,truncating,FH_definite,FH_definite,p.His690ThrfsTer19,252205,0.9941,0.2794,0.4248,Pathogenic,frameshift_variant,clinical_FH,3,frameshift_variant,0
"NP_000518.1:p.(Gly549Asp) (Pathogenic/Likely pathogenic, codon 549, EGF_precursor, class_5_recycling_defective, missense)",FH_definite,Pathogenic/Likely pathogenic,1.0.1,ldlr_phenotyping_v1,2026-05-20 19:35:40.036038 UTC,p.Gly549Asp,Pathogenic/Likely pathogenic,549.0,EGF_precursor,class_5_recycling_defective,missense,FH_definite,FH_definite,p.Gly549Asp,3698,0.8718,0.6667,0.4367,Pathogenic/Likely_pathogenic,missense_variant,clinical_FH,3,missense_variant,1
"NP_000518.1:p.(Asp168Asn) (Pathogenic/Likely pathogenic, codon 168, LBD, class_3_binding_defective, missense)",FH_definite,Pathogenic/Likely pathogenic,1.0.1,ldlr_phenotyping_v1,2026-05-20 19:35:40.036038 UTC,p.Asp168Asn,Pathogenic/Likely pathogenic,168.0,LBD,class_3_binding_defective,missense,FH_definite,FH_definite,p.Asp168Asn,183136,0.6256,0.4316,0.4328,Pathogenic/Likely_pathogenic,missense_variant,clinical_FH,3,missense_variant,1
"NP_000518.1:p.(Asp492His) (Likely pathogenic, codon 492, EGF_precursor, class_5_recycling_defective, missense)",FH_definite,Likely pathogenic,1.0.1,ldlr_phenotyping_v1,2026-05-20 19:35:40.036038 UTC,p.Asp492His,Likely pathogenic,492.0,EGF_precursor,class_5_recycling_defective,missense,FH_definite,FH_definite,p.Asp492His,251864,0.6482,0.5901,0.3155,Likely_pathogenic,missense_variant,clinical_FH,3,missense_variant,1
"NP_000518.1:p.(Asp90Asn) (Pathogenic, codon 90, LBD, class_3_binding_defective, missense)",FH_definite,Pathogenic,1.0.1,ldlr_phenotyping_v1,2026-05-20 19:35:40.036038 UTC,p.Asp90Asn,Pathogenic,90.0,LBD,class_3_binding_defective,missense,FH_definite,FH_definite,p.Asp90Asn,251105,0.3683,0.5016,0.3511,Pathogenic,missense_variant,clinical_FH,3,missense_variant,1
"NP_000518.1:p.(Cys667Tyr) (Likely pathogenic, codon 667, EGF_precursor, class_5_recycling_defective, missense)",FH_definite,Likely pathogenic,1.0.1,ldlr_phenotyping_v1,2026-05-20 19:35:40.036038 UTC,p.Cys667Tyr,Likely pathogenic,667.0,EGF_precursor,class_5_recycling_defective,missense,FH_definite,FH_definite,p.Cys667Tyr,3689,0.9636,0.6517,0.5025,Likely_pathogenic,missense_variant,clinical_FH,3,missense_variant,1
"NP_000518.1:p.(Ser99Ter) (Pathogenic, codon 99, LBD, class_1_null, truncating)",FH_definite,Pathogenic,1.0.1,ldlr_phenotyping_v1,2026-05-20 19:35:40.036038 UTC,p.Ser99Ter,Pathogenic,99.0,LBD,class_1_null,truncating,FH_definite,FH_definite,p.Ser99Ter,251120,0.9882,0.6728,0.4691,Pathogenic,nonsense,clinical_FH,3,nonsense,0
"NP_000518.1:p.(Gly461Cys) (Likely pathogenic, codon 461, EGF_precursor, class_5_recycling_defective, missense); chr19:11133448 G>A (Uncertain significance, ambiguous, utr)",FH_definite,Likely pathogenic,1.0.1,ldlr_phenotyping_v1,2026-05-20 19:35:40.036038 UTC,p.Gly461Cys,Uncertain significance,,ambiguous,,utr,FH_definite,FH_definite,p.Gly461Cys,183113,0.0385,0.1337,0.1038,Likely_pathogenic,missense_variant,clinical_FH,3,missense_variant,1
"NP_000518.1:p.(Arg253Trp) (Uncertain significance, codon 253, LBD, class_3_binding_defective, missense); NP_000518.1:p.(Thr413Met) (Likely pathogenic, codon 413, EGF_precursor, class_5_recycling_defective, missense)",FH_definite,Likely pathogenic,1.0.1,ldlr_phenotyping_v1,2026-05-20 19:35:40.036038 UTC,p.Arg253Trp,Likely pathogenic,413.0,EGF_precursor,class_5_recycling_defective,missense,FH_definite,FH_definite,p.Arg253Trp,161261,0.2793,0.4968,0.3535,Uncertain_significance,missense_variant,clinical_FH,3,missense_variant,1
"NP_000518.1:p.(Gly396Ser) (Likely pathogenic, codon 396, EGF_precursor, ambiguous, splice_region)",FH_definite,Likely pathogenic,1.0.1,ldlr_phenotyping_v1,2026-05-20 19:35:40.036038 UTC,p.Gly396Ser,Likely pathogenic,396.0,EGF_precursor,,splice_region,FH_definite,FH_definite,p.Gly396Ser,251704,0.9836,0.3677,0.5019,Likely_pathogenic,missense_variant,clinical_FH,3,missense_variant,1
"NP_000518.1:p.(Asp354Val) (Pathogenic/Likely pathogenic, codon 354, EGF_precursor, ambiguous, splice_region)",FH_definite,Pathogenic/Likely pathogenic,1.0.1,ldlr_phenotyping_v1,2026-05-20 19:35:40.036038 UTC,p.Asp354Val,Pathogenic/Likely pathogenic,354.0,EGF_precursor,,splice_region,FH_definite,FH_definite,p.Asp354Val,251640,0.9114,0.8901,0.5328,Pathogenic/Likely_pathogenic,missense_variant,clinical_FH,3,missense_variant,1
"NP_000518.1:p.(Asp492Asn) (Pathogenic, codon 492, EGF_precursor, class_5_recycling_defective, missense); NP_000518.1:p.(Arg814Trp) (Uncertain significance, codon 814, cytoplasmic_tail, class_4_internalization_defective, missense)",FH_definite,Pathogenic,1.0.1,ldlr_phenotyping_v1,2026-05-20 19:35:40.036038 UTC,p.Asp492Asn,Uncertain significance,814.0,cytoplasmic_tail,class_4_internalization_defective,missense,FH_definite,FH_definite,p.Asp492Asn,161285,0.4054,0.5209,0.3668,Pathogenic,missense_variant,clinical_FH,3,missense_variant,1
"NP_000518.1:p.(Asp227AlafsTer42) (Pathogenic, codon 227, LBD, class_1_null, truncating)",FH_definite,Pathogenic,1.0.1,ldlr_phenotyping_v1,2026-05-20 19:35:40.036038 UTC,p.Asp227AlafsTer42,Pathogenic,227.0,LBD,class_1_null,truncating,FH_definite,FH_definite,p.Asp227AlafsTer42,422951,0.9828,0.4866,0.5687,Pathogenic,frameshift_variant,clinical_FH,3,frameshift_variant,0
"NP_000518.1:p.(Met412Leu) (Pathogenic, codon 412, EGF_precursor, class_5_recycling_defective, missense)",FH_definite,Pathogenic,1.0.1,ldlr_phenotyping_v1,2026-05-20 19:35:40.036038 UTC,p.Met412Leu,Pathogenic,412.0,EGF_precursor,class_5_recycling_defective,missense,FH_definite,FH_definite,p.Met412Leu,918996,0.0196,0.5972,0.3839,Uncertain_significance,missense_variant,clinical_FH,3,missense_variant,1
"NP_000518.1:p.(Arg300Gly) (Likely pathogenic, codon 300, LBD, class_3_binding_defective, missense)",FH_definite,Likely pathogenic,1.0.1,ldlr_phenotyping_v1,2026-05-20 19:35:40.036038 UTC,p.Arg300Gly,Likely pathogenic,300.0,LBD,class_3_binding_defective,missense,FH_definite,FH_definite,p.Arg300Gly,251510,0.7575,0.5023,0.4003,Likely_pathogenic,missense_variant,clinical_FH,3,missense_variant,1
"NP_000518.1:p.(Met652Thr) (Likely pathogenic, codon 652, EGF_precursor, class_5_recycling_defective, missense)",FH_definite,Likely pathogenic,1.0.1,ldlr_phenotyping_v1,2026-05-20 19:35:40.036038 UTC,p.Met652Thr,Likely pathogenic,652.0,EGF_precursor,class_5_recycling_defective,missense,FH_definite,FH_definite,p.Met652Thr,226382,0.3562,0.3738,0.3116,Likely_pathogenic,missense_variant,clinical_FH,3,missense_variant,1
"NP_000518.1:p.(Gly335Ser) (Likely pathogenic, codon 335, EGF_precursor, class_5_recycling_defective, missense)",FH_definite,Likely pathogenic,1.0.1,ldlr_phenotyping_v1,2026-05-20 19:35:40.036038 UTC,p.Gly335Ser,Likely pathogenic,335.0,EGF_precursor,class_5_recycling_defective,missense,FH_definite,FH_definite,p.Gly335Ser,183105,0.0748,0.3424,0.3787,Likely_pathogenic,missense_variant,clinical_FH,3,missense_variant,1
"NP_000518.1:p.(Glu113Ter) (Pathogenic/Likely pathogenic, codon 113, LBD, class_1_null, truncating)",FH_definite,Pathogenic/Likely pathogenic,1.0.1,ldlr_phenotyping_v1,2026-05-20 19:35:40.036038 UTC,p.Glu113Ter,Pathogenic/Likely pathogenic,113.0,LBD,class_1_null,truncating,FH_definite,FH_definite,p.Glu113Ter,226320,0.9985,0.3031,0.2112,Pathogenic/Likely_pathogenic,nonsense,clinical_FH,3,nonsense,0
"NP_000518.1:p.(Trp165Leu) (Pathogenic, codon 165, LBD, class_3_binding_defective, missense)",FH_definite,Pathogenic,1.0.1,ldlr_phenotyping_v1,2026-05-20 19:35:40.036038 UTC,p.Trp165Leu,Pathogenic,165.0,LBD,class_3_binding_defective,missense,FH_definite,FH_definite,p.Trp165Leu,2169607,0.9395,0.5455,0.4369,Pathogenic,missense_variant,clinical_FH,3,missense_variant,1
"NP_000518.1:p.(Arg574His) (Likely pathogenic, codon 574, EGF_precursor, class_5_recycling_defective, missense)",FH_definite,Likely pathogenic,1.0.1,ldlr_phenotyping_v1,2026-05-20 19:35:40.036038 UTC,p.Arg574His,Likely pathogenic,574.0,EGF_precursor,class_5_recycling_defective,missense,FH_definite,FH_definite,p.Arg574His,251996,0.0383,0.3918,0.4304,Likely_pathogenic,missense_variant,clinical_FH,3,missense_variant,1
"NP_000518.1:p.(Ser56Pro) (Pathogenic/Likely pathogenic, codon 56, LBD, class_3_binding_defective, missense)",FH_definite,Pathogenic/Likely pathogenic,1.0.1,ldlr_phenotyping_v1,2026-05-20 19:35:40.036038 UTC,p.Ser56Pro,Pathogenic/Likely pathogenic,56.0,LBD,class_3_binding_defective,missense,FH_definite,FH_definite,p.Ser56Pro,237864,0.8684,0.4785,0.3237,Pathogenic/Likely_pathogenic,missense_variant,clinical_FH,3,missense_variant,1
"NP_000518.1:p.(Ser849Ter) (Likely pathogenic, codon 849, cytoplasmic_tail, class_1_null, truncating)",FH_definite,Likely pathogenic,1.0.1,ldlr_phenotyping_v1,2026-05-20 19:35:40.036038 UTC,p.Ser849Ter,Likely pathogenic,849.0,cytoplasmic_tail,class_1_null,truncating,FH_definite,FH_definite,p.Ser849Ter,252351,0.98,0.3938,0.5847,Pathogenic/Likely_pathogenic,nonsense,clinical_FH,3,nonsense,0
"NP_000518.1:p.(Trp4GlyfsTer202) (Pathogenic, codon 4, signal_peptide, class_1_null, truncating)",FH_definite,Pathogenic,1.0.1,ldlr_phenotyping_v1,2026-05-20 19:35:40.036038 UTC,p.Trp4GlyfsTer202,Pathogenic,4.0,signal_peptide,class_1_null,truncating,FH_definite,FH_definite,p.Trp4GlyfsTer202,226303,0.9999,0.1534,0.2686,Pathogenic,initiator_codon_variant,clinical_FH,3,initiator_codon_variant,0
"NP_000518.1:p.(Cys82Ter) (Pathogenic, codon 82, LBD, class_1_null, truncating)",FH_definite,Pathogenic,1.0.1,ldlr_phenotyping_v1,2026-05-20 19:35:40.036038 UTC,p.Cys82Ter,Pathogenic,82.0,LBD,class_1_null,truncating,FH_definite,FH_definite,p.Cys82Ter,226309,0.9983,0.6814,0.669,Pathogenic,nonsense,clinical_FH,3,nonsense,0
"NP_000518.1:p.(Arg406Gln) (Likely pathogenic, codon 406, EGF_precursor, class_5_recycling_defective, missense)",FH_definite,Likely pathogenic,1.0.1,ldlr_phenotyping_v1,2026-05-20 19:35:40.036038 UTC,p.Arg406Gln,Likely pathogenic,406.0,EGF_precursor,class_5_recycling_defective,missense,FH_definite,FH_definite,p.Arg406Gln,228798,0.2048,0.4448,0.4419,Likely_pathogenic,missense_variant,clinical_FH,3,missense_variant,1
"NP_000518.1:p.(Thr62Met) (Uncertain significance, codon 62, LBD, class_3_binding_defective, missense); NP_000518.1:p.(Asp482Asn) (Pathogenic, codon 482, EGF_precursor, class_5_recycling_defective, missense)",FH_definite,Pathogenic,1.0.1,ldlr_phenotyping_v1,2026-05-20 19:35:40.036038 UTC,p.Thr62Met,Pathogenic,482.0,EGF_precursor,class_5_recycling_defective,missense,FH_definite,FH_definite,p.Thr62Met,161273,0.013,0.2259,0.2992,Uncertain_significance,missense_variant,clinical_FH,3,missense_variant,1
"NP_000518.1:p.(Arg744Gln) (Uncertain significance, codon 744, O_linked_sugar, ambiguous, missense)",FH_definite,Uncertain significance,1.0.1,ldlr_phenotyping_v1,2026-05-20 19:35:40.036038 UTC,p.Arg744Gln,Uncertain significance,744.0,O_linked_sugar,,missense,FH_definite,FH_definite,p.Arg744Gln,68104,0.001,0.1271,0.2121,Likely_benign,missense_variant,clinical_FH,3,missense_variant,1
"NP_000518.1:p.(Lys294Glu) (Likely pathogenic, codon 294, LBD, class_3_binding_defective, missense)",FH_definite,Likely pathogenic,1.0.1,ldlr_phenotyping_v1,2026-05-20 19:35:40.036038 UTC,p.Lys294Glu,Likely pathogenic,294.0,LBD,class_3_binding_defective,missense,FH_definite,FH_definite,p.Lys294Glu,251498,0.4432,0.32,0.3446,Likely_pathogenic,missense_variant,clinical_FH,3,missense_variant,1
"NP_000518.1:p.(Trp180Ter) (Pathogenic/Likely pathogenic, codon 180, LBD, class_1_null, truncating)",FH_definite,Pathogenic/Likely pathogenic,1.0.1,ldlr_phenotyping_v1,2026-05-20 19:35:40.036038 UTC,p.Trp180Ter,Pathogenic/Likely pathogenic,180.0,LBD,class_1_null,truncating,FH_definite,FH_definite,p.Trp180Ter,251291,0.9875,0.4777,0.5517,Pathogenic/Likely_pathogenic,nonsense,clinical_FH,3,nonsense,0
"NP_000518.1:p.(Cys379Arg) (Pathogenic/Likely pathogenic, codon 379, EGF_precursor, class_5_recycling_defective, missense)",FH_definite,Pathogenic/Likely pathogenic,1.0.1,ldlr_phenotyping_v1,2026-05-20 19:35:40.036038 UTC,p.Cys379Arg,Pathogenic/Likely pathogenic,379.0,EGF_precursor,class_5_recycling_defective,missense,FH_definite,FH_definite,p.Cys379Arg,251685,0.9955,0.7184,0.421,Pathogenic/Likely_pathogenic,missense_variant,clinical_FH,3,missense_variant,1
"NP_000518.1:p.(Leu401Phe) (Likely pathogenic, codon 401, EGF_precursor, class_5_recycling_defective, missense)",FH_definite,Likely pathogenic,1.0.1,ldlr_phenotyping_v1,2026-05-20 19:35:40.036038 UTC,p.Leu401Phe,Likely pathogenic,401.0,EGF_precursor,class_5_recycling_defective,missense,FH_definite,FH_definite,p.Leu401Phe,2921174,0.3302,0.3332,0.3439,Likely_pathogenic,missense_variant,clinical_FH,3,missense_variant,1
"NP_000518.1:p.(Cys89Arg) (Likely pathogenic, codon 89, LBD, class_3_binding_defective, missense); chr19:11133109 A>C (Uncertain significance, ambiguous, utr)",FH_definite,Likely pathogenic,1.0.1,ldlr_phenotyping_v1,2026-05-20 19:35:40.036038 UTC,p.Cys89Arg,Uncertain significance,,ambiguous,,utr,FH_definite,FH_definite,p.Cys89Arg,251102,0.9578,0.8112,0.4336,Likely_pathogenic,missense_variant,clinical_FH,3,missense_variant,1
"NP_000518.1:p.(Asp227Glu) (Pathogenic, codon 227, LBD, class_3_binding_defective, missense)",FH_definite,Pathogenic,1.0.1,ldlr_phenotyping_v1,2026-05-20 19:35:40.036038 UTC,p.Asp227Glu,Pathogenic,227.0,LBD,class_3_binding_defective,missense,FH_definite,FH_definite,p.Asp227Glu,403632,0.9453,0.6992,0.3815,Pathogenic/Likely_pathogenic,missense_variant,clinical_FH,3,missense_variant,1
"NP_000518.1:p.(Gly754TrpfsTer28) (Pathogenic, codon 754, transmembrane, class_1_null, truncating)",FH_definite,Pathogenic,1.0.1,ldlr_phenotyping_v1,2026-05-20 19:35:40.036038 UTC,p.Gly754TrpfsTer28,Pathogenic,754.0,transmembrane,class_1_null,truncating,FH_definite,FH_definite,p.Gly754TrpfsTer28,440686,0.9998,0.1181,0.2459,Pathogenic,frameshift_variant,clinical_FH,3,frameshift_variant,0
"NP_000518.1:p.(Ala606Thr) (Uncertain significance, codon 606, EGF_precursor, class_5_recycling_defective, missense); NP_000518.1:p.(Gly675Ser) (Likely pathogenic, codon 675, EGF_precursor, class_5_recycling_defective, missense)",FH_definite,Likely pathogenic,1.0.1,ldlr_phenotyping_v1,2026-05-20 19:35:40.036038 UTC,p.Ala606Thr,Likely pathogenic,675.0,EGF_precursor,class_5_recycling_defective,missense,FH_definite,FH_definite,p.Ala606Thr,252046,0.0741,0.2144,0.4085,Uncertain_significance,missense_variant,clinical_FH,3,missense_variant,1
"NP_000518.1:p.(Asp304Asn) (Pathogenic, codon 304, LBD, class_3_binding_defective, missense); chr19:11133385 T>TC (Uncertain significance, ambiguous, utr)",FH_definite,Pathogenic,1.0.1,ldlr_phenotyping_v1,2026-05-20 19:35:40.036038 UTC,p.Asp304Asn,Uncertain significance,,ambiguous,,utr,FH_definite,FH_definite,p.Asp304Asn,3692,0.3946,0.4024,0.3404,Pathogenic,missense_variant,clinical_FH,3,missense_variant,1
"NP_000518.1:p.(Val806GlyfsTer11) (Pathogenic, codon 806, cytoplasmic_tail, class_1_null, truncating)",FH_definite,Pathogenic,1.0.1,ldlr_phenotyping_v1,2026-05-20 19:35:40.036038 UTC,p.Val806GlyfsTer11,Pathogenic,806.0,cytoplasmic_tail,class_1_null,truncating,FH_definite,FH_definite,p.Val806GlyfsTer11,252330,0.9925,0.3747,0.4954,Pathogenic,frameshift_variant,clinical_FH,3,frameshift_variant,0
"NP_000518.1:p.(Cys231Gly) (Pathogenic/Likely pathogenic, codon 231, LBD, class_3_binding_defective, missense)",FH_definite,Pathogenic/Likely pathogenic,1.0.1,ldlr_phenotyping_v1,2026-05-20 19:35:40.036038 UTC,p.Cys231Gly,Pathogenic/Likely pathogenic,231.0,LBD,class_3_binding_defective,missense,FH_definite,FH_definite,p.Cys231Gly,251397,0.9843,0.6172,0.4398,Pathogenic/Likely_pathogenic,missense_variant,clinical_FH,3,missense_variant,1
"NP_000518.1:p.(Gly565Ser) (Likely pathogenic, codon 565, EGF_precursor, class_5_recycling_defective, missense)",FH_definite,Likely pathogenic,1.0.1,ldlr_phenotyping_v1,2026-05-20 19:35:40.036038 UTC,p.Gly565Ser,Likely pathogenic,565.0,EGF_precursor,class_5_recycling_defective,missense,FH_definite,FH_definite,p.Gly565Ser,2706780,0.3166,0.4543,0.4247,Likely_pathogenic,missense_variant,clinical_FH,3,missense_variant,1
"NP_000518.1:p.(Cys222Arg) (Likely pathogenic, codon 222, LBD, class_3_binding_defective, missense)",FH_definite,Likely pathogenic,1.0.1,ldlr_phenotyping_v1,2026-05-20 19:35:40.036038 UTC,p.Cys222Arg,Likely pathogenic,222.0,LBD,class_3_binding_defective,missense,FH_definite,FH_definite,p.Cys222Arg,226332,0.9342,0.7951,0.4453,Likely_pathogenic,missense_variant,clinical_FH,3,missense_variant,1
"NP_000518.1:p.(Ala501Val) (Pathogenic/Likely pathogenic, codon 501, EGF_precursor, class_5_recycling_defective, missense)",FH_definite,Pathogenic/Likely pathogenic,1.0.1,ldlr_phenotyping_v1,2026-05-20 19:35:40.036038 UTC,p.Ala501Val,Pathogenic/Likely pathogenic,501.0,EGF_precursor,class_5_recycling_defective,missense,FH_definite,FH_definite,p.Ala501Val,251874,0.076,0.2258,0.3237,Pathogenic/Likely_pathogenic,missense_variant,clinical_FH,3,missense_variant,1
"NP_000518.1:p.(Ser56Phe) (Likely pathogenic, codon 56, LBD, class_3_binding_defective, missense)",FH_definite,Likely pathogenic,1.0.1,ldlr_phenotyping_v1,2026-05-20 19:35:40.036038 UTC,p.Ser56Phe,Likely pathogenic,56.0,LBD,class_3_binding_defective,missense,FH_definite,FH_definite,p.Ser56Phe,3636897,0.8546,0.3905,0.3153,Conflicting_classifications_of_pathogenicity,missense_variant,clinical_FH,3,missense_variant,1
"NP_000518.1:p.(Pro526Ser) (Uncertain significance, codon 526, EGF_precursor, class_5_recycling_defective, missense)",FH_definite,Uncertain significance,1.0.1,ldlr_phenotyping_v1,2026-05-20 19:35:40.036038 UTC,p.Pro526Ser,Uncertain significance,526.0,EGF_precursor,class_5_recycling_defective,missense,FH_definite,FH_definite,p.Pro526Ser,183120,0.6525,0.5201,0.3251,Uncertain_significance,missense_variant,clinical_FH,3,missense_variant,1
"NP_000518.1:p.(Arg78His) (Uncertain significance, codon 78, LBD, class_3_binding_defective, missense)",FH_definite,Uncertain significance,1.0.1,ldlr_phenotyping_v1,2026-05-20 19:35:40.036038 UTC,p.Arg78His,Uncertain significance,78.0,LBD,class_3_binding_defective,missense,FH_definite,FH_definite,p.Arg78His,251085,0.0237,0.1818,0.341,Uncertain_significance,missense_variant,clinical_FH,3,missense_variant,1
"NP_000518.1:p.(Asp47Asn) (Uncertain significance, codon 47, LBD, class_3_binding_defective, missense)",FH_probable,Uncertain significance,1.0.1,ldlr_phenotyping_v1,2026-05-20 19:35:40.036038 UTC,p.Asp47Asn,Uncertain significance,47.0,LBD,class_3_binding_defective,missense,FH_probable,FH_probable,p.Asp47Asn,251034,0.6378,0.6671,0.4308,Uncertain_significance,missense_variant,clinical_FH,3,missense_variant,1
"NP_000518.1:p.(Leu479Val) (Uncertain significance, codon 479, EGF_precursor, class_5_recycling_defective, missense)",FH_possible,Uncertain significance,1.0.1,ldlr_phenotyping_v1,2026-05-20 19:35:40.036038 UTC,p.Leu479Val,Uncertain significance,479.0,EGF_precursor,class_5_recycling_defective,missense,FH_possible,FH_possible,p.Leu479Val,440643,0.0659,0.4958,0.3014,Uncertain_significance,missense_variant,suspected_FH,2,missense_variant,1
"NP_000518.1:p.(His327Tyr) (Uncertain significance, codon 327, EGF_precursor, class_5_recycling_defective, missense)",FH_possible,Uncertain significance,1.0.1,ldlr_phenotyping_v1,2026-05-20 19:35:40.036038 UTC,p.His327Tyr,Uncertain significance,327.0,EGF_precursor,class_5_recycling_defective,missense,FH_possible,FH_possible,p.His327Tyr,251583,0.7483,0.4513,0.335,Uncertain_significance,missense_variant,suspected_FH,2,missense_variant,1
"NP_000518.1:p.(Asp362Ala) (Uncertain significance, codon 362, EGF_precursor, class_5_recycling_defective, missense)",FH_possible,Uncertain significance,1.0.1,ldlr_phenotyping_v1,2026-05-20 19:35:40.036038 UTC,p.Asp362Ala,Uncertain significance,362.0,EGF_precursor,class_5_recycling_defective,missense,FH_possible,FH_possible,p.Asp362Ala,36452,0.0679,0.528,0.4419,Uncertain_significance,missense_variant,suspected_FH,2,missense_variant,1
"NP_000518.1:p.(Val827Ile) (Uncertain significance, codon 827, cytoplasmic_tail, class_4_internalization_defective, missense)",FH_possible,Uncertain significance,1.0.1,ldlr_phenotyping_v1,2026-05-20 19:35:40.036038 UTC,p.Val827Ile,Uncertain significance,827.0,cytoplasmic_tail,class_4_internalization_defective,missense,FH_possible,FH_possible,p.Val827Ile,36462,0.1408,0.152,0.1294,Uncertain_significance,missense_variant,suspected_FH,2,missense_variant,1
"NP_000518.1:p.(Lys541Arg) (Uncertain significance, codon 541, EGF_precursor, class_5_recycling_defective, missense)",FH_possible,Uncertain significance,1.0.1,ldlr_phenotyping_v1,2026-05-20 19:35:40.036038 UTC,p.Lys541Arg,Uncertain significance,541.0,EGF_precursor,class_5_recycling_defective,missense,FH_possible,FH_possible,p.Lys541Arg,1776625,0.0597,0.3982,0.3898,Uncertain_significance,missense_variant,suspected_FH,2,missense_variant,1
"NP_000518.1:p.(His837Arg) (Uncertain significance, codon 837, cytoplasmic_tail, class_4_internalization_defective, missense)",FH_possible,Uncertain significance,1.0.1,ldlr_phenotyping_v1,2026-05-20 19:35:40.036038 UTC,p.His837Arg,Uncertain significance,837.0,cytoplasmic_tail,class_4_internalization_defective,missense,FH_possible,FH_possible,p.His837Arg,630381,0.0201,0.326,0.3709,Uncertain_significance,missense_variant,suspected_FH,2,missense_variant,1
"NP_000518.1:p.(Ser846del) (Uncertain significance, codon 846, cytoplasmic_tail, class_4_internalization_defective, inframe)",FH_possible,Uncertain significance,1.0.1,ldlr_phenotyping_v1,2026-05-20 19:35:40.036038 UTC,p.Ser846del,Uncertain significance,846.0,cytoplasmic_tail,class_4_internalization_defective,inframe,FH_possible,FH_possible,p.Ser846del,2773530,0.2301,0.556,0.3876,Uncertain_significance,inframe_deletion,suspected_FH,2,inframe_deletion,0
"NP_000518.1:p.(Ala50Ser) (Uncertain significance, codon 50, LBD, class_3_binding_defective, missense)",FH_possible,Uncertain significance,1.0.1,ldlr_phenotyping_v1,2026-05-20 19:35:40.036038 UTC,p.Ala50Ser,Uncertain significance,50.0,LBD,class_3_binding_defective,missense,FH_possible,FH_possible,p.Ala50Ser,68099,0.0247,0.2604,0.2296,Uncertain_significance,missense_variant,suspected_FH,2,missense_variant,1
"NP_000518.1:p.(Arg78Cys) (Uncertain significance, codon 78, LBD, class_3_binding_defective, missense)",FH_possible,Uncertain significance,1.0.1,ldlr_phenotyping_v1,2026-05-20 19:35:40.036038 UTC,p.Arg78Cys,Uncertain significance,78.0,LBD,class_3_binding_defective,missense,FH_possible,FH_possible,p.Arg78Cys,161289,0.8079,0.4865,0.3467,Uncertain_significance,missense_variant,suspected_FH,2,missense_variant,1
"NP_000518.1:p.(Ser453Gly) (Uncertain significance, codon 453, EGF_precursor, ambiguous, splice_region)",FH_possible,Uncertain significance,1.0.1,ldlr_phenotyping_v1,2026-05-20 19:35:40.036038 UTC,p.Ser453Gly,Uncertain significance,453.0,EGF_precursor,,splice_region,FH_possible,FH_possible,p.Ser453Gly,2980317,0.7036,0.3811,0.4061,Uncertain_significance,missense_variant,suspected_FH,2,missense_variant,1
"NP_000518.1:p.(Trp483Arg) (Uncertain significance, codon 483, EGF_precursor, class_5_recycling_defective, missense)",FH_possible,Uncertain significance,1.0.1,ldlr_phenotyping_v1,2026-05-20 19:35:40.036038 UTC,p.Trp483Arg,Uncertain significance,483.0,EGF_precursor,class_5_recycling_defective,missense,FH_possible,FH_possible,p.Trp483Arg,251847,0.8447,0.7239,0.4591,Uncertain_significance,missense_variant,suspected_FH,2,missense_variant,1
"NP_000518.1:p.(Thr315Ile) (Uncertain significance, codon 315, EGF_precursor, class_5_recycling_defective, missense)",FH_possible,Uncertain significance,1.0.1,ldlr_phenotyping_v1,2026-05-20 19:35:40.036038 UTC,p.Thr315Ile,Uncertain significance,315.0,EGF_precursor,class_5_recycling_defective,missense,FH_possible,FH_possible,p.Thr315Ile,919863,0.0544,0.1575,0.2456,Uncertain_significance,missense_variant,suspected_FH,2,missense_variant,1
"NP_000518.1:p.(Gly71Arg) (Uncertain significance, codon 71, LBD, class_3_binding_defective, missense)",FH_possible,Uncertain significance,1.0.1,ldlr_phenotyping_v1,2026-05-20 19:35:40.036038 UTC,p.Gly71Arg,Uncertain significance,71.0,LBD,class_3_binding_defective,missense,FH_possible,FH_possible,p.Gly71Arg,375778,0.0553,0.1879,0.3002,Uncertain_significance,missense_variant,suspected_FH,2,missense_variant,1
"NP_000518.1:p.(Val189Leu) (Uncertain significance, codon 189, LBD, class_3_binding_defective, missense)",FH_possible,Uncertain significance,1.0.1,ldlr_phenotyping_v1,2026-05-20 19:35:40.036038 UTC,p.Val189Leu,Uncertain significance,189.0,LBD,class_3_binding_defective,missense,FH_possible,FH_possible,p.Val189Leu,927147,0.0015,0.1695,0.1743,Conflicting_classifications_of_pathogenicity,missense_variant,suspected_FH,2,missense_variant,1
"NP_000518.1:p.(Ala606Ser) (Uncertain significance, codon 606, EGF_precursor, class_5_recycling_defective, missense)",FH_possible,Uncertain significance,1.0.1,ldlr_phenotyping_v1,2026-05-20 19:35:40.036038 UTC,p.Ala606Ser,Uncertain significance,606.0,EGF_precursor,class_5_recycling_defective,missense,FH_possible,FH_possible,p.Ala606Ser,161264,0.049,0.3706,0.3347,Uncertain_significance,missense_variant,suspected_FH,2,missense_variant,1
"NP_000518.1:p.(Arg237Cys) (Uncertain significance, codon 237, LBD, class_3_binding_defective, missense)",FH_possible,Uncertain significance,1.0.1,ldlr_phenotyping_v1,2026-05-20 19:35:40.036038 UTC,p.Arg237Cys,Uncertain significance,237.0,LBD,class_3_binding_defective,missense,FH_possible,FH_possible,p.Arg237Cys,251421,0.4742,0.4928,0.3421,Uncertain_significance,missense_variant,suspected_FH,2,missense_variant,1
"NP_000518.1:p.(Cys134_Asp136dup) (Uncertain significance, codon 134, LBD, class_3_binding_defective, inframe)",FH_possible,Uncertain significance,1.0.1,ldlr_phenotyping_v1,2026-05-20 19:35:40.036038 UTC,p.Cys134_Asp136dup,Uncertain significance,134.0,LBD,class_3_binding_defective,inframe,FH_possible,FH_possible,p.Cys134_Asp136dup,3727569,0.9802,0.7326,0.4366,Uncertain_significance,intron_variant,suspected_FH,2,intron_variant,0
"NP_000518.1:p.(Arg814Gln) (Uncertain significance, codon 814, cytoplasmic_tail, class_4_internalization_defective, missense)",FH_possible,Uncertain significance,1.0.1,ldlr_phenotyping_v1,2026-05-20 19:35:40.036038 UTC,p.Arg814Gln,Uncertain significance,814.0,cytoplasmic_tail,class_4_internalization_defective,missense,FH_possible,FH_possible,p.Arg814Gln,161278,0.1339,0.2687,0.3703,Uncertain_significance,missense_variant,suspected_FH,2,missense_variant,1
"NP_000518.1:p.(Arg303Trp) (Uncertain significance, codon 303, LBD, class_3_binding_defective, missense)",FH_possible,Uncertain significance,1.0.1,ldlr_phenotyping_v1,2026-05-20 19:35:40.036038 UTC,p.Arg303Trp,Uncertain significance,303.0,LBD,class_3_binding_defective,missense,FH_possible,FH_possible,p.Arg303Trp,161281,0.6834,0.6307,0.3376,Uncertain_significance,missense_variant,suspected_FH,2,missense_variant,1
"NP_000518.1:p.(Asn428Lys) (Uncertain significance, codon 428, EGF_precursor, class_5_recycling_defective, missense)",FH_possible,Uncertain significance,1.0.1,ldlr_phenotyping_v1,2026-05-20 19:35:40.036038 UTC,p.Asn428Lys,Uncertain significance,428.0,EGF_precursor,class_5_recycling_defective,missense,FH_possible,FH_possible,p.Asn428Lys,2743216,0.0471,0.3088,0.3581,Conflicting_classifications_of_pathogenicity,missense_variant,suspected_FH,2,missense_variant,1
"NP_000518.1:p.(Ala705Pro) (Uncertain significance, codon 705, O_linked_sugar, ambiguous, missense)",presymptomatic_carrier,Uncertain significance,1.0.1,ldlr_phenotyping_v1,2026-05-20 19:35:40.036038 UTC,p.Ala705Pro,Uncertain significance,705.0,O_linked_sugar,,missense,presymptomatic_carrier,presymptomatic_carrier,p.Ala705Pro,36459,0.2846,0.4157,0.3702,Uncertain_significance,missense_variant,presymptomatic_carrier,1,missense_variant,1
"NP_000518.1:p.(Gly701Ser) (Uncertain significance, codon 701, O_linked_sugar, ambiguous, missense)",presymptomatic_carrier,Uncertain significance,1.0.1,ldlr_phenotyping_v1,2026-05-20 19:35:40.036038 UTC,p.Gly701Ser,Uncertain significance,701.0,O_linked_sugar,,missense,presymptomatic_carrier,presymptomatic_carrier,p.Gly701Ser,183130,0.029,0.2245,0.2912,Uncertain_significance,missense_variant,presymptomatic_carrier,1,missense_variant,1
"NP_000518.1:p.(Val787Met) (Uncertain significance, codon 787, cytoplasmic_tail, class_4_internalization_defective, missense)",presymptomatic_carrier,Uncertain significance,1.0.1,ldlr_phenotyping_v1,2026-05-20 19:35:40.036038 UTC,p.Val787Met,Uncertain significance,787.0,cytoplasmic_tail,class_4_internalization_defective,missense,presymptomatic_carrier,presymptomatic_carrier,p.Val787Met,430836,0.0047,0.1237,0.1211,Uncertain_significance,missense_variant,presymptomatic_carrier,1,missense_variant,1
"NP_000518.1:p.(Arg81Ser) (Uncertain significance, codon 81, LBD, class_3_binding_defective, missense)",presymptomatic_carrier,Uncertain significance,1.0.1,ldlr_phenotyping_v1,2026-05-20 19:35:40.036038 UTC,p.Arg81Ser,Uncertain significance,81.0,LBD,class_3_binding_defective,missense,presymptomatic_carrier,presymptomatic_carrier,p.Arg81Ser,251088,0.1212,0.4361,0.3671,Uncertain_significance,missense_variant,presymptomatic_carrier,1,missense_variant,1
"NP_000518.1:p.(Thr743Ala) (Uncertain significance, codon 743, O_linked_sugar, ambiguous, missense)",presymptomatic_carrier,Uncertain significance,1.0.1,ldlr_phenotyping_v1,2026-05-20 19:35:40.036038 UTC,p.Thr743Ala,Uncertain significance,743.0,O_linked_sugar,,missense,presymptomatic_carrier,presymptomatic_carrier,p.Thr743Ala,1171930,0.0018,0.1625,0.1821,Uncertain_significance,missense_variant,presymptomatic_carrier,1,missense_variant,1
"NP_000518.1:p.(Gln678His) (Uncertain significance, codon 678, EGF_precursor, class_5_recycling_defective, missense)",presymptomatic_carrier,Uncertain significance,1.0.1,ldlr_phenotyping_v1,2026-05-20 19:35:40.036038 UTC,p.Gln678His,Uncertain significance,678.0,EGF_precursor,class_5_recycling_defective,missense,presymptomatic_carrier,presymptomatic_carrier,p.Gln678His,1784801,0.035,0.3955,0.4075,Uncertain_significance,missense_variant,presymptomatic_carrier,1,missense_variant,1
"NP_000518.1:p.(Glu380Lys) (Uncertain significance, codon 380, EGF_precursor, class_5_recycling_defective, missense)",presymptomatic_carrier,Uncertain significance,1.0.1,ldlr_phenotyping_v1,2026-05-20 19:35:40.036038 UTC,p.Glu380Lys,Uncertain significance,380.0,EGF_precursor,class_5_recycling_defective,missense,presymptomatic_carrier,presymptomatic_carrier,p.Glu380Lys,923651,0.011,0.3301,0.3892,Uncertain_significance,missense_variant,presymptomatic_carrier,1,missense_variant,1
"NP_000518.1:p.(Asp25Asn) (Uncertain significance, codon 25, LBD, class_3_binding_defective, missense)",presymptomatic_carrier,Uncertain significance,1.0.1,ldlr_phenotyping_v1,2026-05-20 19:35:40.036038 UTC,p.Asp25Asn,Uncertain significance,25.0,LBD,class_3_binding_defective,missense,presymptomatic_carrier,presymptomatic_carrier,p.Asp25Asn,922750,0.004,0.199,0.3509,Conflicting_classifications_of_pathogenicity,missense_variant,presymptomatic_carrier,1,missense_variant,1
"NP_000518.1:p.(Met264Leu) (Uncertain significance, codon 264, LBD, class_3_binding_defective, missense)",presymptomatic_carrier,Uncertain significance,1.0.1,ldlr_phenotyping_v1,2026-05-20 19:35:40.036038 UTC,p.Met264Leu,Uncertain significance,264.0,LBD,class_3_binding_defective,missense,presymptomatic_carrier,presymptomatic_carrier,p.Met264Leu,183095,0.0044,0.5258,0.3587,Uncertain_significance,missense_variant,presymptomatic_carrier,1,missense_variant,1
"NP_000518.1:p.(Glu650Lys) (Uncertain significance, codon 650, EGF_precursor, class_5_recycling_defective, missense)",presymptomatic_carrier,Uncertain significance,1.0.1,ldlr_phenotyping_v1,2026-05-20 19:35:40.036038 UTC,p.Glu650Lys,Uncertain significance,650.0,EGF_precursor,class_5_recycling_defective,missense,presymptomatic_carrier,presymptomatic_carrier,p.Glu650Lys,252126,0.3999,0.4753,0.2757,Uncertain_significance,missense_variant,presymptomatic_carrier,1,missense_variant,1
"NP_000518.1:p.(Val653Ile) (Uncertain significance, codon 653, EGF_precursor, class_5_recycling_defective, missense)",presymptomatic_carrier,Uncertain significance,1.0.1,ldlr_phenotyping_v1,2026-05-20 19:35:40.036038 UTC,p.Val653Ile,Uncertain significance,653.0,EGF_precursor,class_5_recycling_defective,missense,presymptomatic_carrier,presymptomatic_carrier,p.Val653Ile,628891,0.004,0.1643,0.2089,Uncertain_significance,missense_variant,presymptomatic_carrier,1,missense_variant,1
"NP_000518.1:p.(Arg350Gln) (Uncertain significance, codon 350, EGF_precursor, class_5_recycling_defective, missense)",presymptomatic_carrier,Uncertain significance,1.0.1,ldlr_phenotyping_v1,2026-05-20 19:35:40.036038 UTC,p.Arg350Gln,Uncertain significance,350.0,EGF_precursor,class_5_recycling_defective,missense,presymptomatic_carrier,presymptomatic_carrier,p.Arg350Gln,689349,0.0083,0.2067,0.3284,Uncertain_significance,missense_variant,presymptomatic_carrier,1,missense_variant,1
"NP_000518.1:p.(Ser587Arg) (Uncertain significance, codon 587, EGF_precursor, class_5_recycling_defective, missense)",presymptomatic_carrier,Uncertain significance,1.0.1,ldlr_phenotyping_v1,2026-05-20 19:35:40.036038 UTC,p.Ser587Arg,Uncertain significance,587.0,EGF_precursor,class_5_recycling_defective,missense,presymptomatic_carrier,presymptomatic_carrier,p.Ser587Arg,252021,0.1422,0.4854,0.392,Uncertain_significance,missense_variant,presymptomatic_carrier,1,missense_variant,1
"NP_000518.1:p.(Val775Ile) (Uncertain significance, codon 775, cytoplasmic_tail, class_4_internalization_defective, missense)",presymptomatic_carrier,Uncertain significance,1.0.1,ldlr_phenotyping_v1,2026-05-20 19:35:40.036038 UTC,p.Val775Ile,Uncertain significance,775.0,cytoplasmic_tail,class_4_internalization_defective,missense,presymptomatic_carrier,presymptomatic_carrier,p.Val775Ile,630377,0.0027,0.1526,0.1524,Uncertain_significance,missense_variant,presymptomatic_carrier,1,missense_variant,1
"NP_000518.1:p.(Glu833Asp) (Uncertain significance, codon 833, cytoplasmic_tail, class_4_internalization_defective, missense)",presymptomatic_carrier,Uncertain significance,1.0.1,ldlr_phenotyping_v1,2026-05-20 19:35:40.036038 UTC,p.Glu833Asp,Uncertain significance,833.0,cytoplasmic_tail,class_4_internalization_defective,missense,presymptomatic_carrier,presymptomatic_carrier,p.Glu833Asp,630380,0.0338,0.6974,0.4583,Uncertain_significance,missense_variant,presymptomatic_carrier,1,missense_variant,1
"NP_000518.1:p.(Val127Ile) (Uncertain significance, codon 127, LBD, class_3_binding_defective, missense)",presymptomatic_carrier,Uncertain significance,1.0.1,ldlr_phenotyping_v1,2026-05-20 19:35:40.036038 UTC,p.Val127Ile,Uncertain significance,127.0,LBD,class_3_binding_defective,missense,presymptomatic_carrier,presymptomatic_carrier,p.Val127Ile,1327845,0.0183,0.3614,0.5101,Uncertain_significance,missense_variant,presymptomatic_carrier,1,missense_variant,1
